,Brush
1_000,"(ImageSize=(X=72,Y=72),Margin=(Left=0.000000,Top=0.000000,Right=0.000000,Bottom=0.000000),TintColor=(SpecifiedColor=(R=1.000000,G=1.000000,B=1.000000,A=1.000000),ColorUseRule=UseColor_Specified),ResourceObject=Texture2D'""/Game/UI/Images/NoPacker/Emojis/1_000.1_000""',ResourceName="""",UVRegion=(Min=(X=0.000000,Y=0.000000),Max=(X=0.000000,Y=0.000000),bIsValid=0),DrawAs=Image,Tiling=NoTile,Mirroring=NoMirror,ImageType=NoImage,bIsDynamicallyLoaded=False"
1_001,"(ImageSize=(X=72,Y=72),Margin=(Left=0.000000,Top=0.000000,Right=0.000000,Bottom=0.000000),TintColor=(SpecifiedColor=(R=1.000000,G=1.000000,B=1.000000,A=1.000000),ColorUseRule=UseColor_Specified),ResourceObject=Texture2D'""/Game/UI/Images/NoPacker/Emojis/1_001.1_001""',ResourceName="""",UVRegion=(Min=(X=0.000000,Y=0.000000),Max=(X=0.000000,Y=0.000000),bIsValid=0),DrawAs=Image,Tiling=NoTile,Mirroring=NoMirror,ImageType=NoImage,bIsDynamicallyLoaded=False"
1_002,"(ImageSize=(X=72,Y=72),Margin=(Left=0.000000,Top=0.000000,Right=0.000000,Bottom=0.000000),TintColor=(SpecifiedColor=(R=1.000000,G=1.000000,B=1.000000,A=1.000000),ColorUseRule=UseColor_Specified),ResourceObject=Texture2D'""/Game/UI/Images/NoPacker/Emojis/1_002.1_002""',ResourceName="""",UVRegion=(Min=(X=0.000000,Y=0.000000),Max=(X=0.000000,Y=0.000000),bIsValid=0),DrawAs=Image,Tiling=NoTile,Mirroring=NoMirror,ImageType=NoImage,bIsDynamicallyLoaded=False"
1_003,"(ImageSize=(X=72,Y=72),Margin=(Left=0.000000,Top=0.000000,Right=0.000000,Bottom=0.000000),TintColor=(SpecifiedColor=(R=1.000000,G=1.000000,B=1.000000,A=1.000000),ColorUseRule=UseColor_Specified),ResourceObject=Texture2D'""/Game/UI/Images/NoPacker/Emojis/1_003.1_003""',ResourceName="""",UVRegion=(Min=(X=0.000000,Y=0.000000),Max=(X=0.000000,Y=0.000000),bIsValid=0),DrawAs=Image,Tiling=NoTile,Mirroring=NoMirror,ImageType=NoImage,bIsDynamicallyLoaded=False"
1_004,"(ImageSize=(X=72,Y=72),Margin=(Left=0.000000,Top=0.000000,Right=0.000000,Bottom=0.000000),TintColor=(SpecifiedColor=(R=1.000000,G=1.000000,B=1.000000,A=1.000000),ColorUseRule=UseColor_Specified),ResourceObject=Texture2D'""/Game/UI/Images/NoPacker/Emojis/1_004.1_004""',ResourceName="""",UVRegion=(Min=(X=0.000000,Y=0.000000),Max=(X=0.000000,Y=0.000000),bIsValid=0),DrawAs=Image,Tiling=NoTile,Mirroring=NoMirror,ImageType=NoImage,bIsDynamicallyLoaded=False"
1_005,"(ImageSize=(X=72,Y=72),Margin=(Left=0.000000,Top=0.000000,Right=0.000000,Bottom=0.000000),TintColor=(SpecifiedColor=(R=1.000000,G=1.000000,B=1.000000,A=1.000000),ColorUseRule=UseColor_Specified),ResourceObject=Texture2D'""/Game/UI/Images/NoPacker/Emojis/1_005.1_005""',ResourceName="""",UVRegion=(Min=(X=0.000000,Y=0.000000),Max=(X=0.000000,Y=0.000000),bIsValid=0),DrawAs=Image,Tiling=NoTile,Mirroring=NoMirror,ImageType=NoImage,bIsDynamicallyLoaded=False"
1_006,"(ImageSize=(X=72,Y=72),Margin=(Left=0.000000,Top=0.000000,Right=0.000000,Bottom=0.000000),TintColor=(SpecifiedColor=(R=1.000000,G=1.000000,B=1.000000,A=1.000000),ColorUseRule=UseColor_Specified),ResourceObject=Texture2D'""/Game/UI/Images/NoPacker/Emojis/1_006.1_006""',ResourceName="""",UVRegion=(Min=(X=0.000000,Y=0.000000),Max=(X=0.000000,Y=0.000000),bIsValid=0),DrawAs=Image,Tiling=NoTile,Mirroring=NoMirror,ImageType=NoImage,bIsDynamicallyLoaded=False"
1_007,"(ImageSize=(X=72,Y=72),Margin=(Left=0.000000,Top=0.000000,Right=0.000000,Bottom=0.000000),TintColor=(SpecifiedColor=(R=1.000000,G=1.000000,B=1.000000,A=1.000000),ColorUseRule=UseColor_Specified),ResourceObject=Texture2D'""/Game/UI/Images/NoPacker/Emojis/1_007.1_007""',ResourceName="""",UVRegion=(Min=(X=0.000000,Y=0.000000),Max=(X=0.000000,Y=0.000000),bIsValid=0),DrawAs=Image,Tiling=NoTile,Mirroring=NoMirror,ImageType=NoImage,bIsDynamicallyLoaded=False"
1_008,"(ImageSize=(X=72,Y=72),Margin=(Left=0.000000,Top=0.000000,Right=0.000000,Bottom=0.000000),TintColor=(SpecifiedColor=(R=1.000000,G=1.000000,B=1.000000,A=1.000000),ColorUseRule=UseColor_Specified),ResourceObject=Texture2D'""/Game/UI/Images/NoPacker/Emojis/1_008.1_008""',ResourceName="""",UVRegion=(Min=(X=0.000000,Y=0.000000),Max=(X=0.000000,Y=0.000000),bIsValid=0),DrawAs=Image,Tiling=NoTile,Mirroring=NoMirror,ImageType=NoImage,bIsDynamicallyLoaded=False"
1_009,"(ImageSize=(X=72,Y=72),Margin=(Left=0.000000,Top=0.000000,Right=0.000000,Bottom=0.000000),TintColor=(SpecifiedColor=(R=1.000000,G=1.000000,B=1.000000,A=1.000000),ColorUseRule=UseColor_Specified),ResourceObject=Texture2D'""/Game/UI/Images/NoPacker/Emojis/1_009.1_009""',ResourceName="""",UVRegion=(Min=(X=0.000000,Y=0.000000),Max=(X=0.000000,Y=0.000000),bIsValid=0),DrawAs=Image,Tiling=NoTile,Mirroring=NoMirror,ImageType=NoImage,bIsDynamicallyLoaded=False"
1_010,"(ImageSize=(X=72,Y=72),Margin=(Left=0.000000,Top=0.000000,Right=0.000000,Bottom=0.000000),TintColor=(SpecifiedColor=(R=1.000000,G=1.000000,B=1.000000,A=1.000000),ColorUseRule=UseColor_Specified),ResourceObject=Texture2D'""/Game/UI/Images/NoPacker/Emojis/1_010.1_010""',ResourceName="""",UVRegion=(Min=(X=0.000000,Y=0.000000),Max=(X=0.000000,Y=0.000000),bIsValid=0),DrawAs=Image,Tiling=NoTile,Mirroring=NoMirror,ImageType=NoImage,bIsDynamicallyLoaded=False"
1_011,"(ImageSize=(X=72,Y=72),Margin=(Left=0.000000,Top=0.000000,Right=0.000000,Bottom=0.000000),TintColor=(SpecifiedColor=(R=1.000000,G=1.000000,B=1.000000,A=1.000000),ColorUseRule=UseColor_Specified),ResourceObject=Texture2D'""/Game/UI/Images/NoPacker/Emojis/1_011.1_011""',ResourceName="""",UVRegion=(Min=(X=0.000000,Y=0.000000),Max=(X=0.000000,Y=0.000000),bIsValid=0),DrawAs=Image,Tiling=NoTile,Mirroring=NoMirror,ImageType=NoImage,bIsDynamicallyLoaded=False"
1_012,"(ImageSize=(X=72,Y=72),Margin=(Left=0.000000,Top=0.000000,Right=0.000000,Bottom=0.000000),TintColor=(SpecifiedColor=(R=1.000000,G=1.000000,B=1.000000,A=1.000000),ColorUseRule=UseColor_Specified),ResourceObject=Texture2D'""/Game/UI/Images/NoPacker/Emojis/1_012.1_012""',ResourceName="""",UVRegion=(Min=(X=0.000000,Y=0.000000),Max=(X=0.000000,Y=0.000000),bIsValid=0),DrawAs=Image,Tiling=NoTile,Mirroring=NoMirror,ImageType=NoImage,bIsDynamicallyLoaded=False"
1_013,"(ImageSize=(X=72,Y=72),Margin=(Left=0.000000,Top=0.000000,Right=0.000000,Bottom=0.000000),TintColor=(SpecifiedColor=(R=1.000000,G=1.000000,B=1.000000,A=1.000000),ColorUseRule=UseColor_Specified),ResourceObject=Texture2D'""/Game/UI/Images/NoPacker/Emojis/1_013.1_013""',ResourceName="""",UVRegion=(Min=(X=0.000000,Y=0.000000),Max=(X=0.000000,Y=0.000000),bIsValid=0),DrawAs=Image,Tiling=NoTile,Mirroring=NoMirror,ImageType=NoImage,bIsDynamicallyLoaded=False"
1_014,"(ImageSize=(X=72,Y=72),Margin=(Left=0.000000,Top=0.000000,Right=0.000000,Bottom=0.000000),TintColor=(SpecifiedColor=(R=1.000000,G=1.000000,B=1.000000,A=1.000000),ColorUseRule=UseColor_Specified),ResourceObject=Texture2D'""/Game/UI/Images/NoPacker/Emojis/1_014.1_014""',ResourceName="""",UVRegion=(Min=(X=0.000000,Y=0.000000),Max=(X=0.000000,Y=0.000000),bIsValid=0),DrawAs=Image,Tiling=NoTile,Mirroring=NoMirror,ImageType=NoImage,bIsDynamicallyLoaded=False"
1_015,"(ImageSize=(X=72,Y=72),Margin=(Left=0.000000,Top=0.000000,Right=0.000000,Bottom=0.000000),TintColor=(SpecifiedColor=(R=1.000000,G=1.000000,B=1.000000,A=1.000000),ColorUseRule=UseColor_Specified),ResourceObject=Texture2D'""/Game/UI/Images/NoPacker/Emojis/1_015.1_015""',ResourceName="""",UVRegion=(Min=(X=0.000000,Y=0.000000),Max=(X=0.000000,Y=0.000000),bIsValid=0),DrawAs=Image,Tiling=NoTile,Mirroring=NoMirror,ImageType=NoImage,bIsDynamicallyLoaded=False"
1_016,"(ImageSize=(X=72,Y=72),Margin=(Left=0.000000,Top=0.000000,Right=0.000000,Bottom=0.000000),TintColor=(SpecifiedColor=(R=1.000000,G=1.000000,B=1.000000,A=1.000000),ColorUseRule=UseColor_Specified),ResourceObject=Texture2D'""/Game/UI/Images/NoPacker/Emojis/1_016.1_016""',ResourceName="""",UVRegion=(Min=(X=0.000000,Y=0.000000),Max=(X=0.000000,Y=0.000000),bIsValid=0),DrawAs=Image,Tiling=NoTile,Mirroring=NoMirror,ImageType=NoImage,bIsDynamicallyLoaded=False"
1_017,"(ImageSize=(X=72,Y=72),Margin=(Left=0.000000,Top=0.000000,Right=0.000000,Bottom=0.000000),TintColor=(SpecifiedColor=(R=1.000000,G=1.000000,B=1.000000,A=1.000000),ColorUseRule=UseColor_Specified),ResourceObject=Texture2D'""/Game/UI/Images/NoPacker/Emojis/1_017.1_017""',ResourceName="""",UVRegion=(Min=(X=0.000000,Y=0.000000),Max=(X=0.000000,Y=0.000000),bIsValid=0),DrawAs=Image,Tiling=NoTile,Mirroring=NoMirror,ImageType=NoImage,bIsDynamicallyLoaded=False"
1_018,"(ImageSize=(X=72,Y=72),Margin=(Left=0.000000,Top=0.000000,Right=0.000000,Bottom=0.000000),TintColor=(SpecifiedColor=(R=1.000000,G=1.000000,B=1.000000,A=1.000000),ColorUseRule=UseColor_Specified),ResourceObject=Texture2D'""/Game/UI/Images/NoPacker/Emojis/1_018.1_018""',ResourceName="""",UVRegion=(Min=(X=0.000000,Y=0.000000),Max=(X=0.000000,Y=0.000000),bIsValid=0),DrawAs=Image,Tiling=NoTile,Mirroring=NoMirror,ImageType=NoImage,bIsDynamicallyLoaded=False"
1_019,"(ImageSize=(X=72,Y=72),Margin=(Left=0.000000,Top=0.000000,Right=0.000000,Bottom=0.000000),TintColor=(SpecifiedColor=(R=1.000000,G=1.000000,B=1.000000,A=1.000000),ColorUseRule=UseColor_Specified),ResourceObject=Texture2D'""/Game/UI/Images/NoPacker/Emojis/1_019.1_019""',ResourceName="""",UVRegion=(Min=(X=0.000000,Y=0.000000),Max=(X=0.000000,Y=0.000000),bIsValid=0),DrawAs=Image,Tiling=NoTile,Mirroring=NoMirror,ImageType=NoImage,bIsDynamicallyLoaded=False"
1_020,"(ImageSize=(X=72,Y=72),Margin=(Left=0.000000,Top=0.000000,Right=0.000000,Bottom=0.000000),TintColor=(SpecifiedColor=(R=1.000000,G=1.000000,B=1.000000,A=1.000000),ColorUseRule=UseColor_Specified),ResourceObject=Texture2D'""/Game/UI/Images/NoPacker/Emojis/1_020.1_020""',ResourceName="""",UVRegion=(Min=(X=0.000000,Y=0.000000),Max=(X=0.000000,Y=0.000000),bIsValid=0),DrawAs=Image,Tiling=NoTile,Mirroring=NoMirror,ImageType=NoImage,bIsDynamicallyLoaded=False"
1_021,"(ImageSize=(X=72,Y=72),Margin=(Left=0.000000,Top=0.000000,Right=0.000000,Bottom=0.000000),TintColor=(SpecifiedColor=(R=1.000000,G=1.000000,B=1.000000,A=1.000000),ColorUseRule=UseColor_Specified),ResourceObject=Texture2D'""/Game/UI/Images/NoPacker/Emojis/1_021.1_021""',ResourceName="""",UVRegion=(Min=(X=0.000000,Y=0.000000),Max=(X=0.000000,Y=0.000000),bIsValid=0),DrawAs=Image,Tiling=NoTile,Mirroring=NoMirror,ImageType=NoImage,bIsDynamicallyLoaded=False"
1_022,"(ImageSize=(X=72,Y=72),Margin=(Left=0.000000,Top=0.000000,Right=0.000000,Bottom=0.000000),TintColor=(SpecifiedColor=(R=1.000000,G=1.000000,B=1.000000,A=1.000000),ColorUseRule=UseColor_Specified),ResourceObject=Texture2D'""/Game/UI/Images/NoPacker/Emojis/1_022.1_022""',ResourceName="""",UVRegion=(Min=(X=0.000000,Y=0.000000),Max=(X=0.000000,Y=0.000000),bIsValid=0),DrawAs=Image,Tiling=NoTile,Mirroring=NoMirror,ImageType=NoImage,bIsDynamicallyLoaded=False"
1_023,"(ImageSize=(X=72,Y=72),Margin=(Left=0.000000,Top=0.000000,Right=0.000000,Bottom=0.000000),TintColor=(SpecifiedColor=(R=1.000000,G=1.000000,B=1.000000,A=1.000000),ColorUseRule=UseColor_Specified),ResourceObject=Texture2D'""/Game/UI/Images/NoPacker/Emojis/1_023.1_023""',ResourceName="""",UVRegion=(Min=(X=0.000000,Y=0.000000),Max=(X=0.000000,Y=0.000000),bIsValid=0),DrawAs=Image,Tiling=NoTile,Mirroring=NoMirror,ImageType=NoImage,bIsDynamicallyLoaded=False"
1_024,"(ImageSize=(X=72,Y=72),Margin=(Left=0.000000,Top=0.000000,Right=0.000000,Bottom=0.000000),TintColor=(SpecifiedColor=(R=1.000000,G=1.000000,B=1.000000,A=1.000000),ColorUseRule=UseColor_Specified),ResourceObject=Texture2D'""/Game/UI/Images/NoPacker/Emojis/1_024.1_024""',ResourceName="""",UVRegion=(Min=(X=0.000000,Y=0.000000),Max=(X=0.000000,Y=0.000000),bIsValid=0),DrawAs=Image,Tiling=NoTile,Mirroring=NoMirror,ImageType=NoImage,bIsDynamicallyLoaded=False"
1_025,"(ImageSize=(X=72,Y=72),Margin=(Left=0.000000,Top=0.000000,Right=0.000000,Bottom=0.000000),TintColor=(SpecifiedColor=(R=1.000000,G=1.000000,B=1.000000,A=1.000000),ColorUseRule=UseColor_Specified),ResourceObject=Texture2D'""/Game/UI/Images/NoPacker/Emojis/1_025.1_025""',ResourceName="""",UVRegion=(Min=(X=0.000000,Y=0.000000),Max=(X=0.000000,Y=0.000000),bIsValid=0),DrawAs=Image,Tiling=NoTile,Mirroring=NoMirror,ImageType=NoImage,bIsDynamicallyLoaded=False"
1_026,"(ImageSize=(X=72,Y=72),Margin=(Left=0.000000,Top=0.000000,Right=0.000000,Bottom=0.000000),TintColor=(SpecifiedColor=(R=1.000000,G=1.000000,B=1.000000,A=1.000000),ColorUseRule=UseColor_Specified),ResourceObject=Texture2D'""/Game/UI/Images/NoPacker/Emojis/1_026.1_026""',ResourceName="""",UVRegion=(Min=(X=0.000000,Y=0.000000),Max=(X=0.000000,Y=0.000000),bIsValid=0),DrawAs=Image,Tiling=NoTile,Mirroring=NoMirror,ImageType=NoImage,bIsDynamicallyLoaded=False"
1_027,"(ImageSize=(X=72,Y=72),Margin=(Left=0.000000,Top=0.000000,Right=0.000000,Bottom=0.000000),TintColor=(SpecifiedColor=(R=1.000000,G=1.000000,B=1.000000,A=1.000000),ColorUseRule=UseColor_Specified),ResourceObject=Texture2D'""/Game/UI/Images/NoPacker/Emojis/1_027.1_027""',ResourceName="""",UVRegion=(Min=(X=0.000000,Y=0.000000),Max=(X=0.000000,Y=0.000000),bIsValid=0),DrawAs=Image,Tiling=NoTile,Mirroring=NoMirror,ImageType=NoImage,bIsDynamicallyLoaded=False"
1_028,"(ImageSize=(X=72,Y=72),Margin=(Left=0.000000,Top=0.000000,Right=0.000000,Bottom=0.000000),TintColor=(SpecifiedColor=(R=1.000000,G=1.000000,B=1.000000,A=1.000000),ColorUseRule=UseColor_Specified),ResourceObject=Texture2D'""/Game/UI/Images/NoPacker/Emojis/1_028.1_028""',ResourceName="""",UVRegion=(Min=(X=0.000000,Y=0.000000),Max=(X=0.000000,Y=0.000000),bIsValid=0),DrawAs=Image,Tiling=NoTile,Mirroring=NoMirror,ImageType=NoImage,bIsDynamicallyLoaded=False"
1_029,"(ImageSize=(X=72,Y=72),Margin=(Left=0.000000,Top=0.000000,Right=0.000000,Bottom=0.000000),TintColor=(SpecifiedColor=(R=1.000000,G=1.000000,B=1.000000,A=1.000000),ColorUseRule=UseColor_Specified),ResourceObject=Texture2D'""/Game/UI/Images/NoPacker/Emojis/1_029.1_029""',ResourceName="""",UVRegion=(Min=(X=0.000000,Y=0.000000),Max=(X=0.000000,Y=0.000000),bIsValid=0),DrawAs=Image,Tiling=NoTile,Mirroring=NoMirror,ImageType=NoImage,bIsDynamicallyLoaded=False"
1_030,"(ImageSize=(X=72,Y=72),Margin=(Left=0.000000,Top=0.000000,Right=0.000000,Bottom=0.000000),TintColor=(SpecifiedColor=(R=1.000000,G=1.000000,B=1.000000,A=1.000000),ColorUseRule=UseColor_Specified),ResourceObject=Texture2D'""/Game/UI/Images/NoPacker/Emojis/1_030.1_030""',ResourceName="""",UVRegion=(Min=(X=0.000000,Y=0.000000),Max=(X=0.000000,Y=0.000000),bIsValid=0),DrawAs=Image,Tiling=NoTile,Mirroring=NoMirror,ImageType=NoImage,bIsDynamicallyLoaded=False"
1_031,"(ImageSize=(X=72,Y=72),Margin=(Left=0.000000,Top=0.000000,Right=0.000000,Bottom=0.000000),TintColor=(SpecifiedColor=(R=1.000000,G=1.000000,B=1.000000,A=1.000000),ColorUseRule=UseColor_Specified),ResourceObject=Texture2D'""/Game/UI/Images/NoPacker/Emojis/1_031.1_031""',ResourceName="""",UVRegion=(Min=(X=0.000000,Y=0.000000),Max=(X=0.000000,Y=0.000000),bIsValid=0),DrawAs=Image,Tiling=NoTile,Mirroring=NoMirror,ImageType=NoImage,bIsDynamicallyLoaded=False"
1_032,"(ImageSize=(X=72,Y=72),Margin=(Left=0.000000,Top=0.000000,Right=0.000000,Bottom=0.000000),TintColor=(SpecifiedColor=(R=1.000000,G=1.000000,B=1.000000,A=1.000000),ColorUseRule=UseColor_Specified),ResourceObject=Texture2D'""/Game/UI/Images/NoPacker/Emojis/1_032.1_032""',ResourceName="""",UVRegion=(Min=(X=0.000000,Y=0.000000),Max=(X=0.000000,Y=0.000000),bIsValid=0),DrawAs=Image,Tiling=NoTile,Mirroring=NoMirror,ImageType=NoImage,bIsDynamicallyLoaded=False"
1_033,"(ImageSize=(X=72,Y=72),Margin=(Left=0.000000,Top=0.000000,Right=0.000000,Bottom=0.000000),TintColor=(SpecifiedColor=(R=1.000000,G=1.000000,B=1.000000,A=1.000000),ColorUseRule=UseColor_Specified),ResourceObject=Texture2D'""/Game/UI/Images/NoPacker/Emojis/1_033.1_033""',ResourceName="""",UVRegion=(Min=(X=0.000000,Y=0.000000),Max=(X=0.000000,Y=0.000000),bIsValid=0),DrawAs=Image,Tiling=NoTile,Mirroring=NoMirror,ImageType=NoImage,bIsDynamicallyLoaded=False"
1_034,"(ImageSize=(X=72,Y=72),Margin=(Left=0.000000,Top=0.000000,Right=0.000000,Bottom=0.000000),TintColor=(SpecifiedColor=(R=1.000000,G=1.000000,B=1.000000,A=1.000000),ColorUseRule=UseColor_Specified),ResourceObject=Texture2D'""/Game/UI/Images/NoPacker/Emojis/1_034.1_034""',ResourceName="""",UVRegion=(Min=(X=0.000000,Y=0.000000),Max=(X=0.000000,Y=0.000000),bIsValid=0),DrawAs=Image,Tiling=NoTile,Mirroring=NoMirror,ImageType=NoImage,bIsDynamicallyLoaded=False"
1_035,"(ImageSize=(X=72,Y=72),Margin=(Left=0.000000,Top=0.000000,Right=0.000000,Bottom=0.000000),TintColor=(SpecifiedColor=(R=1.000000,G=1.000000,B=1.000000,A=1.000000),ColorUseRule=UseColor_Specified),ResourceObject=Texture2D'""/Game/UI/Images/NoPacker/Emojis/1_035.1_035""',ResourceName="""",UVRegion=(Min=(X=0.000000,Y=0.000000),Max=(X=0.000000,Y=0.000000),bIsValid=0),DrawAs=Image,Tiling=NoTile,Mirroring=NoMirror,ImageType=NoImage,bIsDynamicallyLoaded=False"
1_036,"(ImageSize=(X=72,Y=72),Margin=(Left=0.000000,Top=0.000000,Right=0.000000,Bottom=0.000000),TintColor=(SpecifiedColor=(R=1.000000,G=1.000000,B=1.000000,A=1.000000),ColorUseRule=UseColor_Specified),ResourceObject=Texture2D'""/Game/UI/Images/NoPacker/Emojis/1_036.1_036""',ResourceName="""",UVRegion=(Min=(X=0.000000,Y=0.000000),Max=(X=0.000000,Y=0.000000),bIsValid=0),DrawAs=Image,Tiling=NoTile,Mirroring=NoMirror,ImageType=NoImage,bIsDynamicallyLoaded=False"
1_037,"(ImageSize=(X=72,Y=72),Margin=(Left=0.000000,Top=0.000000,Right=0.000000,Bottom=0.000000),TintColor=(SpecifiedColor=(R=1.000000,G=1.000000,B=1.000000,A=1.000000),ColorUseRule=UseColor_Specified),ResourceObject=Texture2D'""/Game/UI/Images/NoPacker/Emojis/1_037.1_037""',ResourceName="""",UVRegion=(Min=(X=0.000000,Y=0.000000),Max=(X=0.000000,Y=0.000000),bIsValid=0),DrawAs=Image,Tiling=NoTile,Mirroring=NoMirror,ImageType=NoImage,bIsDynamicallyLoaded=False"
1_038,"(ImageSize=(X=72,Y=72),Margin=(Left=0.000000,Top=0.000000,Right=0.000000,Bottom=0.000000),TintColor=(SpecifiedColor=(R=1.000000,G=1.000000,B=1.000000,A=1.000000),ColorUseRule=UseColor_Specified),ResourceObject=Texture2D'""/Game/UI/Images/NoPacker/Emojis/1_038.1_038""',ResourceName="""",UVRegion=(Min=(X=0.000000,Y=0.000000),Max=(X=0.000000,Y=0.000000),bIsValid=0),DrawAs=Image,Tiling=NoTile,Mirroring=NoMirror,ImageType=NoImage,bIsDynamicallyLoaded=False"
1_039,"(ImageSize=(X=72,Y=72),Margin=(Left=0.000000,Top=0.000000,Right=0.000000,Bottom=0.000000),TintColor=(SpecifiedColor=(R=1.000000,G=1.000000,B=1.000000,A=1.000000),ColorUseRule=UseColor_Specified),ResourceObject=Texture2D'""/Game/UI/Images/NoPacker/Emojis/1_039.1_039""',ResourceName="""",UVRegion=(Min=(X=0.000000,Y=0.000000),Max=(X=0.000000,Y=0.000000),bIsValid=0),DrawAs=Image,Tiling=NoTile,Mirroring=NoMirror,ImageType=NoImage,bIsDynamicallyLoaded=False"
1_040,"(ImageSize=(X=72,Y=72),Margin=(Left=0.000000,Top=0.000000,Right=0.000000,Bottom=0.000000),TintColor=(SpecifiedColor=(R=1.000000,G=1.000000,B=1.000000,A=1.000000),ColorUseRule=UseColor_Specified),ResourceObject=Texture2D'""/Game/UI/Images/NoPacker/Emojis/1_040.1_040""',ResourceName="""",UVRegion=(Min=(X=0.000000,Y=0.000000),Max=(X=0.000000,Y=0.000000),bIsValid=0),DrawAs=Image,Tiling=NoTile,Mirroring=NoMirror,ImageType=NoImage,bIsDynamicallyLoaded=False"
1_041,"(ImageSize=(X=72,Y=72),Margin=(Left=0.000000,Top=0.000000,Right=0.000000,Bottom=0.000000),TintColor=(SpecifiedColor=(R=1.000000,G=1.000000,B=1.000000,A=1.000000),ColorUseRule=UseColor_Specified),ResourceObject=Texture2D'""/Game/UI/Images/NoPacker/Emojis/1_041.1_041""',ResourceName="""",UVRegion=(Min=(X=0.000000,Y=0.000000),Max=(X=0.000000,Y=0.000000),bIsValid=0),DrawAs=Image,Tiling=NoTile,Mirroring=NoMirror,ImageType=NoImage,bIsDynamicallyLoaded=False"
1_042,"(ImageSize=(X=72,Y=72),Margin=(Left=0.000000,Top=0.000000,Right=0.000000,Bottom=0.000000),TintColor=(SpecifiedColor=(R=1.000000,G=1.000000,B=1.000000,A=1.000000),ColorUseRule=UseColor_Specified),ResourceObject=Texture2D'""/Game/UI/Images/NoPacker/Emojis/1_042.1_042""',ResourceName="""",UVRegion=(Min=(X=0.000000,Y=0.000000),Max=(X=0.000000,Y=0.000000),bIsValid=0),DrawAs=Image,Tiling=NoTile,Mirroring=NoMirror,ImageType=NoImage,bIsDynamicallyLoaded=False"
1_043,"(ImageSize=(X=72,Y=72),Margin=(Left=0.000000,Top=0.000000,Right=0.000000,Bottom=0.000000),TintColor=(SpecifiedColor=(R=1.000000,G=1.000000,B=1.000000,A=1.000000),ColorUseRule=UseColor_Specified),ResourceObject=Texture2D'""/Game/UI/Images/NoPacker/Emojis/1_043.1_043""',ResourceName="""",UVRegion=(Min=(X=0.000000,Y=0.000000),Max=(X=0.000000,Y=0.000000),bIsValid=0),DrawAs=Image,Tiling=NoTile,Mirroring=NoMirror,ImageType=NoImage,bIsDynamicallyLoaded=False"
1_044,"(ImageSize=(X=72,Y=72),Margin=(Left=0.000000,Top=0.000000,Right=0.000000,Bottom=0.000000),TintColor=(SpecifiedColor=(R=1.000000,G=1.000000,B=1.000000,A=1.000000),ColorUseRule=UseColor_Specified),ResourceObject=Texture2D'""/Game/UI/Images/NoPacker/Emojis/1_044.1_044""',ResourceName="""",UVRegion=(Min=(X=0.000000,Y=0.000000),Max=(X=0.000000,Y=0.000000),bIsValid=0),DrawAs=Image,Tiling=NoTile,Mirroring=NoMirror,ImageType=NoImage,bIsDynamicallyLoaded=False"
1_045,"(ImageSize=(X=72,Y=72),Margin=(Left=0.000000,Top=0.000000,Right=0.000000,Bottom=0.000000),TintColor=(SpecifiedColor=(R=1.000000,G=1.000000,B=1.000000,A=1.000000),ColorUseRule=UseColor_Specified),ResourceObject=Texture2D'""/Game/UI/Images/NoPacker/Emojis/1_045.1_045""',ResourceName="""",UVRegion=(Min=(X=0.000000,Y=0.000000),Max=(X=0.000000,Y=0.000000),bIsValid=0),DrawAs=Image,Tiling=NoTile,Mirroring=NoMirror,ImageType=NoImage,bIsDynamicallyLoaded=False"
1_046,"(ImageSize=(X=72,Y=72),Margin=(Left=0.000000,Top=0.000000,Right=0.000000,Bottom=0.000000),TintColor=(SpecifiedColor=(R=1.000000,G=1.000000,B=1.000000,A=1.000000),ColorUseRule=UseColor_Specified),ResourceObject=Texture2D'""/Game/UI/Images/NoPacker/Emojis/1_046.1_046""',ResourceName="""",UVRegion=(Min=(X=0.000000,Y=0.000000),Max=(X=0.000000,Y=0.000000),bIsValid=0),DrawAs=Image,Tiling=NoTile,Mirroring=NoMirror,ImageType=NoImage,bIsDynamicallyLoaded=False"
1_047,"(ImageSize=(X=72,Y=72),Margin=(Left=0.000000,Top=0.000000,Right=0.000000,Bottom=0.000000),TintColor=(SpecifiedColor=(R=1.000000,G=1.000000,B=1.000000,A=1.000000),ColorUseRule=UseColor_Specified),ResourceObject=Texture2D'""/Game/UI/Images/NoPacker/Emojis/1_047.1_047""',ResourceName="""",UVRegion=(Min=(X=0.000000,Y=0.000000),Max=(X=0.000000,Y=0.000000),bIsValid=0),DrawAs=Image,Tiling=NoTile,Mirroring=NoMirror,ImageType=NoImage,bIsDynamicallyLoaded=False"
1_048,"(ImageSize=(X=72,Y=72),Margin=(Left=0.000000,Top=0.000000,Right=0.000000,Bottom=0.000000),TintColor=(SpecifiedColor=(R=1.000000,G=1.000000,B=1.000000,A=1.000000),ColorUseRule=UseColor_Specified),ResourceObject=Texture2D'""/Game/UI/Images/NoPacker/Emojis/1_048.1_048""',ResourceName="""",UVRegion=(Min=(X=0.000000,Y=0.000000),Max=(X=0.000000,Y=0.000000),bIsValid=0),DrawAs=Image,Tiling=NoTile,Mirroring=NoMirror,ImageType=NoImage,bIsDynamicallyLoaded=False"
1_049,"(ImageSize=(X=72,Y=72),Margin=(Left=0.000000,Top=0.000000,Right=0.000000,Bottom=0.000000),TintColor=(SpecifiedColor=(R=1.000000,G=1.000000,B=1.000000,A=1.000000),ColorUseRule=UseColor_Specified),ResourceObject=Texture2D'""/Game/UI/Images/NoPacker/Emojis/1_049.1_049""',ResourceName="""",UVRegion=(Min=(X=0.000000,Y=0.000000),Max=(X=0.000000,Y=0.000000),bIsValid=0),DrawAs=Image,Tiling=NoTile,Mirroring=NoMirror,ImageType=NoImage,bIsDynamicallyLoaded=False"
1_050,"(ImageSize=(X=72,Y=72),Margin=(Left=0.000000,Top=0.000000,Right=0.000000,Bottom=0.000000),TintColor=(SpecifiedColor=(R=1.000000,G=1.000000,B=1.000000,A=1.000000),ColorUseRule=UseColor_Specified),ResourceObject=Texture2D'""/Game/UI/Images/NoPacker/Emojis/1_050.1_050""',ResourceName="""",UVRegion=(Min=(X=0.000000,Y=0.000000),Max=(X=0.000000,Y=0.000000),bIsValid=0),DrawAs=Image,Tiling=NoTile,Mirroring=NoMirror,ImageType=NoImage,bIsDynamicallyLoaded=False"
1_051,"(ImageSize=(X=72,Y=72),Margin=(Left=0.000000,Top=0.000000,Right=0.000000,Bottom=0.000000),TintColor=(SpecifiedColor=(R=1.000000,G=1.000000,B=1.000000,A=1.000000),ColorUseRule=UseColor_Specified),ResourceObject=Texture2D'""/Game/UI/Images/NoPacker/Emojis/1_051.1_051""',ResourceName="""",UVRegion=(Min=(X=0.000000,Y=0.000000),Max=(X=0.000000,Y=0.000000),bIsValid=0),DrawAs=Image,Tiling=NoTile,Mirroring=NoMirror,ImageType=NoImage,bIsDynamicallyLoaded=False"
1_052,"(ImageSize=(X=72,Y=72),Margin=(Left=0.000000,Top=0.000000,Right=0.000000,Bottom=0.000000),TintColor=(SpecifiedColor=(R=1.000000,G=1.000000,B=1.000000,A=1.000000),ColorUseRule=UseColor_Specified),ResourceObject=Texture2D'""/Game/UI/Images/NoPacker/Emojis/1_052.1_052""',ResourceName="""",UVRegion=(Min=(X=0.000000,Y=0.000000),Max=(X=0.000000,Y=0.000000),bIsValid=0),DrawAs=Image,Tiling=NoTile,Mirroring=NoMirror,ImageType=NoImage,bIsDynamicallyLoaded=False"
1_053,"(ImageSize=(X=72,Y=72),Margin=(Left=0.000000,Top=0.000000,Right=0.000000,Bottom=0.000000),TintColor=(SpecifiedColor=(R=1.000000,G=1.000000,B=1.000000,A=1.000000),ColorUseRule=UseColor_Specified),ResourceObject=Texture2D'""/Game/UI/Images/NoPacker/Emojis/1_053.1_053""',ResourceName="""",UVRegion=(Min=(X=0.000000,Y=0.000000),Max=(X=0.000000,Y=0.000000),bIsValid=0),DrawAs=Image,Tiling=NoTile,Mirroring=NoMirror,ImageType=NoImage,bIsDynamicallyLoaded=False"
1_054,"(ImageSize=(X=72,Y=72),Margin=(Left=0.000000,Top=0.000000,Right=0.000000,Bottom=0.000000),TintColor=(SpecifiedColor=(R=1.000000,G=1.000000,B=1.000000,A=1.000000),ColorUseRule=UseColor_Specified),ResourceObject=Texture2D'""/Game/UI/Images/NoPacker/Emojis/1_054.1_054""',ResourceName="""",UVRegion=(Min=(X=0.000000,Y=0.000000),Max=(X=0.000000,Y=0.000000),bIsValid=0),DrawAs=Image,Tiling=NoTile,Mirroring=NoMirror,ImageType=NoImage,bIsDynamicallyLoaded=False"
1_055,"(ImageSize=(X=72,Y=72),Margin=(Left=0.000000,Top=0.000000,Right=0.000000,Bottom=0.000000),TintColor=(SpecifiedColor=(R=1.000000,G=1.000000,B=1.000000,A=1.000000),ColorUseRule=UseColor_Specified),ResourceObject=Texture2D'""/Game/UI/Images/NoPacker/Emojis/1_055.1_055""',ResourceName="""",UVRegion=(Min=(X=0.000000,Y=0.000000),Max=(X=0.000000,Y=0.000000),bIsValid=0),DrawAs=Image,Tiling=NoTile,Mirroring=NoMirror,ImageType=NoImage,bIsDynamicallyLoaded=False"
1_056,"(ImageSize=(X=72,Y=72),Margin=(Left=0.000000,Top=0.000000,Right=0.000000,Bottom=0.000000),TintColor=(SpecifiedColor=(R=1.000000,G=1.000000,B=1.000000,A=1.000000),ColorUseRule=UseColor_Specified),ResourceObject=Texture2D'""/Game/UI/Images/NoPacker/Emojis/1_056.1_056""',ResourceName="""",UVRegion=(Min=(X=0.000000,Y=0.000000),Max=(X=0.000000,Y=0.000000),bIsValid=0),DrawAs=Image,Tiling=NoTile,Mirroring=NoMirror,ImageType=NoImage,bIsDynamicallyLoaded=False"
1_057,"(ImageSize=(X=72,Y=72),Margin=(Left=0.000000,Top=0.000000,Right=0.000000,Bottom=0.000000),TintColor=(SpecifiedColor=(R=1.000000,G=1.000000,B=1.000000,A=1.000000),ColorUseRule=UseColor_Specified),ResourceObject=Texture2D'""/Game/UI/Images/NoPacker/Emojis/1_057.1_057""',ResourceName="""",UVRegion=(Min=(X=0.000000,Y=0.000000),Max=(X=0.000000,Y=0.000000),bIsValid=0),DrawAs=Image,Tiling=NoTile,Mirroring=NoMirror,ImageType=NoImage,bIsDynamicallyLoaded=False"
1_058,"(ImageSize=(X=72,Y=72),Margin=(Left=0.000000,Top=0.000000,Right=0.000000,Bottom=0.000000),TintColor=(SpecifiedColor=(R=1.000000,G=1.000000,B=1.000000,A=1.000000),ColorUseRule=UseColor_Specified),ResourceObject=Texture2D'""/Game/UI/Images/NoPacker/Emojis/1_058.1_058""',ResourceName="""",UVRegion=(Min=(X=0.000000,Y=0.000000),Max=(X=0.000000,Y=0.000000),bIsValid=0),DrawAs=Image,Tiling=NoTile,Mirroring=NoMirror,ImageType=NoImage,bIsDynamicallyLoaded=False"
1_059,"(ImageSize=(X=72,Y=72),Margin=(Left=0.000000,Top=0.000000,Right=0.000000,Bottom=0.000000),TintColor=(SpecifiedColor=(R=1.000000,G=1.000000,B=1.000000,A=1.000000),ColorUseRule=UseColor_Specified),ResourceObject=Texture2D'""/Game/UI/Images/NoPacker/Emojis/1_059.1_059""',ResourceName="""",UVRegion=(Min=(X=0.000000,Y=0.000000),Max=(X=0.000000,Y=0.000000),bIsValid=0),DrawAs=Image,Tiling=NoTile,Mirroring=NoMirror,ImageType=NoImage,bIsDynamicallyLoaded=False"
1_060,"(ImageSize=(X=72,Y=72),Margin=(Left=0.000000,Top=0.000000,Right=0.000000,Bottom=0.000000),TintColor=(SpecifiedColor=(R=1.000000,G=1.000000,B=1.000000,A=1.000000),ColorUseRule=UseColor_Specified),ResourceObject=Texture2D'""/Game/UI/Images/NoPacker/Emojis/1_060.1_060""',ResourceName="""",UVRegion=(Min=(X=0.000000,Y=0.000000),Max=(X=0.000000,Y=0.000000),bIsValid=0),DrawAs=Image,Tiling=NoTile,Mirroring=NoMirror,ImageType=NoImage,bIsDynamicallyLoaded=False"
1_061,"(ImageSize=(X=72,Y=72),Margin=(Left=0.000000,Top=0.000000,Right=0.000000,Bottom=0.000000),TintColor=(SpecifiedColor=(R=1.000000,G=1.000000,B=1.000000,A=1.000000),ColorUseRule=UseColor_Specified),ResourceObject=Texture2D'""/Game/UI/Images/NoPacker/Emojis/1_061.1_061""',ResourceName="""",UVRegion=(Min=(X=0.000000,Y=0.000000),Max=(X=0.000000,Y=0.000000),bIsValid=0),DrawAs=Image,Tiling=NoTile,Mirroring=NoMirror,ImageType=NoImage,bIsDynamicallyLoaded=False"
1_062,"(ImageSize=(X=72,Y=72),Margin=(Left=0.000000,Top=0.000000,Right=0.000000,Bottom=0.000000),TintColor=(SpecifiedColor=(R=1.000000,G=1.000000,B=1.000000,A=1.000000),ColorUseRule=UseColor_Specified),ResourceObject=Texture2D'""/Game/UI/Images/NoPacker/Emojis/1_062.1_062""',ResourceName="""",UVRegion=(Min=(X=0.000000,Y=0.000000),Max=(X=0.000000,Y=0.000000),bIsValid=0),DrawAs=Image,Tiling=NoTile,Mirroring=NoMirror,ImageType=NoImage,bIsDynamicallyLoaded=False"
1_063,"(ImageSize=(X=72,Y=72),Margin=(Left=0.000000,Top=0.000000,Right=0.000000,Bottom=0.000000),TintColor=(SpecifiedColor=(R=1.000000,G=1.000000,B=1.000000,A=1.000000),ColorUseRule=UseColor_Specified),ResourceObject=Texture2D'""/Game/UI/Images/NoPacker/Emojis/1_063.1_063""',ResourceName="""",UVRegion=(Min=(X=0.000000,Y=0.000000),Max=(X=0.000000,Y=0.000000),bIsValid=0),DrawAs=Image,Tiling=NoTile,Mirroring=NoMirror,ImageType=NoImage,bIsDynamicallyLoaded=False"
1_064,"(ImageSize=(X=72,Y=72),Margin=(Left=0.000000,Top=0.000000,Right=0.000000,Bottom=0.000000),TintColor=(SpecifiedColor=(R=1.000000,G=1.000000,B=1.000000,A=1.000000),ColorUseRule=UseColor_Specified),ResourceObject=Texture2D'""/Game/UI/Images/NoPacker/Emojis/1_064.1_064""',ResourceName="""",UVRegion=(Min=(X=0.000000,Y=0.000000),Max=(X=0.000000,Y=0.000000),bIsValid=0),DrawAs=Image,Tiling=NoTile,Mirroring=NoMirror,ImageType=NoImage,bIsDynamicallyLoaded=False"
1_065,"(ImageSize=(X=72,Y=72),Margin=(Left=0.000000,Top=0.000000,Right=0.000000,Bottom=0.000000),TintColor=(SpecifiedColor=(R=1.000000,G=1.000000,B=1.000000,A=1.000000),ColorUseRule=UseColor_Specified),ResourceObject=Texture2D'""/Game/UI/Images/NoPacker/Emojis/1_065.1_065""',ResourceName="""",UVRegion=(Min=(X=0.000000,Y=0.000000),Max=(X=0.000000,Y=0.000000),bIsValid=0),DrawAs=Image,Tiling=NoTile,Mirroring=NoMirror,ImageType=NoImage,bIsDynamicallyLoaded=False"
1_066,"(ImageSize=(X=72,Y=72),Margin=(Left=0.000000,Top=0.000000,Right=0.000000,Bottom=0.000000),TintColor=(SpecifiedColor=(R=1.000000,G=1.000000,B=1.000000,A=1.000000),ColorUseRule=UseColor_Specified),ResourceObject=Texture2D'""/Game/UI/Images/NoPacker/Emojis/1_066.1_066""',ResourceName="""",UVRegion=(Min=(X=0.000000,Y=0.000000),Max=(X=0.000000,Y=0.000000),bIsValid=0),DrawAs=Image,Tiling=NoTile,Mirroring=NoMirror,ImageType=NoImage,bIsDynamicallyLoaded=False"
1_067,"(ImageSize=(X=72,Y=72),Margin=(Left=0.000000,Top=0.000000,Right=0.000000,Bottom=0.000000),TintColor=(SpecifiedColor=(R=1.000000,G=1.000000,B=1.000000,A=1.000000),ColorUseRule=UseColor_Specified),ResourceObject=Texture2D'""/Game/UI/Images/NoPacker/Emojis/1_067.1_067""',ResourceName="""",UVRegion=(Min=(X=0.000000,Y=0.000000),Max=(X=0.000000,Y=0.000000),bIsValid=0),DrawAs=Image,Tiling=NoTile,Mirroring=NoMirror,ImageType=NoImage,bIsDynamicallyLoaded=False"
1_068,"(ImageSize=(X=72,Y=72),Margin=(Left=0.000000,Top=0.000000,Right=0.000000,Bottom=0.000000),TintColor=(SpecifiedColor=(R=1.000000,G=1.000000,B=1.000000,A=1.000000),ColorUseRule=UseColor_Specified),ResourceObject=Texture2D'""/Game/UI/Images/NoPacker/Emojis/1_068.1_068""',ResourceName="""",UVRegion=(Min=(X=0.000000,Y=0.000000),Max=(X=0.000000,Y=0.000000),bIsValid=0),DrawAs=Image,Tiling=NoTile,Mirroring=NoMirror,ImageType=NoImage,bIsDynamicallyLoaded=False"
1_069,"(ImageSize=(X=72,Y=72),Margin=(Left=0.000000,Top=0.000000,Right=0.000000,Bottom=0.000000),TintColor=(SpecifiedColor=(R=1.000000,G=1.000000,B=1.000000,A=1.000000),ColorUseRule=UseColor_Specified),ResourceObject=Texture2D'""/Game/UI/Images/NoPacker/Emojis/1_069.1_069""',ResourceName="""",UVRegion=(Min=(X=0.000000,Y=0.000000),Max=(X=0.000000,Y=0.000000),bIsValid=0),DrawAs=Image,Tiling=NoTile,Mirroring=NoMirror,ImageType=NoImage,bIsDynamicallyLoaded=False"
1_070,"(ImageSize=(X=72,Y=72),Margin=(Left=0.000000,Top=0.000000,Right=0.000000,Bottom=0.000000),TintColor=(SpecifiedColor=(R=1.000000,G=1.000000,B=1.000000,A=1.000000),ColorUseRule=UseColor_Specified),ResourceObject=Texture2D'""/Game/UI/Images/NoPacker/Emojis/1_070.1_070""',ResourceName="""",UVRegion=(Min=(X=0.000000,Y=0.000000),Max=(X=0.000000,Y=0.000000),bIsValid=0),DrawAs=Image,Tiling=NoTile,Mirroring=NoMirror,ImageType=NoImage,bIsDynamicallyLoaded=False"
1_071,"(ImageSize=(X=72,Y=72),Margin=(Left=0.000000,Top=0.000000,Right=0.000000,Bottom=0.000000),TintColor=(SpecifiedColor=(R=1.000000,G=1.000000,B=1.000000,A=1.000000),ColorUseRule=UseColor_Specified),ResourceObject=Texture2D'""/Game/UI/Images/NoPacker/Emojis/1_071.1_071""',ResourceName="""",UVRegion=(Min=(X=0.000000,Y=0.000000),Max=(X=0.000000,Y=0.000000),bIsValid=0),DrawAs=Image,Tiling=NoTile,Mirroring=NoMirror,ImageType=NoImage,bIsDynamicallyLoaded=False"
1_072,"(ImageSize=(X=72,Y=72),Margin=(Left=0.000000,Top=0.000000,Right=0.000000,Bottom=0.000000),TintColor=(SpecifiedColor=(R=1.000000,G=1.000000,B=1.000000,A=1.000000),ColorUseRule=UseColor_Specified),ResourceObject=Texture2D'""/Game/UI/Images/NoPacker/Emojis/1_072.1_072""',ResourceName="""",UVRegion=(Min=(X=0.000000,Y=0.000000),Max=(X=0.000000,Y=0.000000),bIsValid=0),DrawAs=Image,Tiling=NoTile,Mirroring=NoMirror,ImageType=NoImage,bIsDynamicallyLoaded=False"
1_073,"(ImageSize=(X=72,Y=72),Margin=(Left=0.000000,Top=0.000000,Right=0.000000,Bottom=0.000000),TintColor=(SpecifiedColor=(R=1.000000,G=1.000000,B=1.000000,A=1.000000),ColorUseRule=UseColor_Specified),ResourceObject=Texture2D'""/Game/UI/Images/NoPacker/Emojis/1_073.1_073""',ResourceName="""",UVRegion=(Min=(X=0.000000,Y=0.000000),Max=(X=0.000000,Y=0.000000),bIsValid=0),DrawAs=Image,Tiling=NoTile,Mirroring=NoMirror,ImageType=NoImage,bIsDynamicallyLoaded=False"
1_074,"(ImageSize=(X=72,Y=72),Margin=(Left=0.000000,Top=0.000000,Right=0.000000,Bottom=0.000000),TintColor=(SpecifiedColor=(R=1.000000,G=1.000000,B=1.000000,A=1.000000),ColorUseRule=UseColor_Specified),ResourceObject=Texture2D'""/Game/UI/Images/NoPacker/Emojis/1_074.1_074""',ResourceName="""",UVRegion=(Min=(X=0.000000,Y=0.000000),Max=(X=0.000000,Y=0.000000),bIsValid=0),DrawAs=Image,Tiling=NoTile,Mirroring=NoMirror,ImageType=NoImage,bIsDynamicallyLoaded=False"
1_075,"(ImageSize=(X=72,Y=72),Margin=(Left=0.000000,Top=0.000000,Right=0.000000,Bottom=0.000000),TintColor=(SpecifiedColor=(R=1.000000,G=1.000000,B=1.000000,A=1.000000),ColorUseRule=UseColor_Specified),ResourceObject=Texture2D'""/Game/UI/Images/NoPacker/Emojis/1_075.1_075""',ResourceName="""",UVRegion=(Min=(X=0.000000,Y=0.000000),Max=(X=0.000000,Y=0.000000),bIsValid=0),DrawAs=Image,Tiling=NoTile,Mirroring=NoMirror,ImageType=NoImage,bIsDynamicallyLoaded=False"
1_076,"(ImageSize=(X=72,Y=72),Margin=(Left=0.000000,Top=0.000000,Right=0.000000,Bottom=0.000000),TintColor=(SpecifiedColor=(R=1.000000,G=1.000000,B=1.000000,A=1.000000),ColorUseRule=UseColor_Specified),ResourceObject=Texture2D'""/Game/UI/Images/NoPacker/Emojis/1_076.1_076""',ResourceName="""",UVRegion=(Min=(X=0.000000,Y=0.000000),Max=(X=0.000000,Y=0.000000),bIsValid=0),DrawAs=Image,Tiling=NoTile,Mirroring=NoMirror,ImageType=NoImage,bIsDynamicallyLoaded=False"
1_077,"(ImageSize=(X=72,Y=72),Margin=(Left=0.000000,Top=0.000000,Right=0.000000,Bottom=0.000000),TintColor=(SpecifiedColor=(R=1.000000,G=1.000000,B=1.000000,A=1.000000),ColorUseRule=UseColor_Specified),ResourceObject=Texture2D'""/Game/UI/Images/NoPacker/Emojis/1_077.1_077""',ResourceName="""",UVRegion=(Min=(X=0.000000,Y=0.000000),Max=(X=0.000000,Y=0.000000),bIsValid=0),DrawAs=Image,Tiling=NoTile,Mirroring=NoMirror,ImageType=NoImage,bIsDynamicallyLoaded=False"
1_078,"(ImageSize=(X=72,Y=72),Margin=(Left=0.000000,Top=0.000000,Right=0.000000,Bottom=0.000000),TintColor=(SpecifiedColor=(R=1.000000,G=1.000000,B=1.000000,A=1.000000),ColorUseRule=UseColor_Specified),ResourceObject=Texture2D'""/Game/UI/Images/NoPacker/Emojis/1_078.1_078""',ResourceName="""",UVRegion=(Min=(X=0.000000,Y=0.000000),Max=(X=0.000000,Y=0.000000),bIsValid=0),DrawAs=Image,Tiling=NoTile,Mirroring=NoMirror,ImageType=NoImage,bIsDynamicallyLoaded=False"
1_079,"(ImageSize=(X=72,Y=72),Margin=(Left=0.000000,Top=0.000000,Right=0.000000,Bottom=0.000000),TintColor=(SpecifiedColor=(R=1.000000,G=1.000000,B=1.000000,A=1.000000),ColorUseRule=UseColor_Specified),ResourceObject=Texture2D'""/Game/UI/Images/NoPacker/Emojis/1_079.1_079""',ResourceName="""",UVRegion=(Min=(X=0.000000,Y=0.000000),Max=(X=0.000000,Y=0.000000),bIsValid=0),DrawAs=Image,Tiling=NoTile,Mirroring=NoMirror,ImageType=NoImage,bIsDynamicallyLoaded=False"
1_080,"(ImageSize=(X=72,Y=72),Margin=(Left=0.000000,Top=0.000000,Right=0.000000,Bottom=0.000000),TintColor=(SpecifiedColor=(R=1.000000,G=1.000000,B=1.000000,A=1.000000),ColorUseRule=UseColor_Specified),ResourceObject=Texture2D'""/Game/UI/Images/NoPacker/Emojis/1_080.1_080""',ResourceName="""",UVRegion=(Min=(X=0.000000,Y=0.000000),Max=(X=0.000000,Y=0.000000),bIsValid=0),DrawAs=Image,Tiling=NoTile,Mirroring=NoMirror,ImageType=NoImage,bIsDynamicallyLoaded=False"
1_081,"(ImageSize=(X=72,Y=72),Margin=(Left=0.000000,Top=0.000000,Right=0.000000,Bottom=0.000000),TintColor=(SpecifiedColor=(R=1.000000,G=1.000000,B=1.000000,A=1.000000),ColorUseRule=UseColor_Specified),ResourceObject=Texture2D'""/Game/UI/Images/NoPacker/Emojis/1_081.1_081""',ResourceName="""",UVRegion=(Min=(X=0.000000,Y=0.000000),Max=(X=0.000000,Y=0.000000),bIsValid=0),DrawAs=Image,Tiling=NoTile,Mirroring=NoMirror,ImageType=NoImage,bIsDynamicallyLoaded=False"
1_082,"(ImageSize=(X=72,Y=72),Margin=(Left=0.000000,Top=0.000000,Right=0.000000,Bottom=0.000000),TintColor=(SpecifiedColor=(R=1.000000,G=1.000000,B=1.000000,A=1.000000),ColorUseRule=UseColor_Specified),ResourceObject=Texture2D'""/Game/UI/Images/NoPacker/Emojis/1_082.1_082""',ResourceName="""",UVRegion=(Min=(X=0.000000,Y=0.000000),Max=(X=0.000000,Y=0.000000),bIsValid=0),DrawAs=Image,Tiling=NoTile,Mirroring=NoMirror,ImageType=NoImage,bIsDynamicallyLoaded=False"
1_083,"(ImageSize=(X=72,Y=72),Margin=(Left=0.000000,Top=0.000000,Right=0.000000,Bottom=0.000000),TintColor=(SpecifiedColor=(R=1.000000,G=1.000000,B=1.000000,A=1.000000),ColorUseRule=UseColor_Specified),ResourceObject=Texture2D'""/Game/UI/Images/NoPacker/Emojis/1_083.1_083""',ResourceName="""",UVRegion=(Min=(X=0.000000,Y=0.000000),Max=(X=0.000000,Y=0.000000),bIsValid=0),DrawAs=Image,Tiling=NoTile,Mirroring=NoMirror,ImageType=NoImage,bIsDynamicallyLoaded=False"
1_084,"(ImageSize=(X=72,Y=72),Margin=(Left=0.000000,Top=0.000000,Right=0.000000,Bottom=0.000000),TintColor=(SpecifiedColor=(R=1.000000,G=1.000000,B=1.000000,A=1.000000),ColorUseRule=UseColor_Specified),ResourceObject=Texture2D'""/Game/UI/Images/NoPacker/Emojis/1_084.1_084""',ResourceName="""",UVRegion=(Min=(X=0.000000,Y=0.000000),Max=(X=0.000000,Y=0.000000),bIsValid=0),DrawAs=Image,Tiling=NoTile,Mirroring=NoMirror,ImageType=NoImage,bIsDynamicallyLoaded=False"
1_085,"(ImageSize=(X=72,Y=72),Margin=(Left=0.000000,Top=0.000000,Right=0.000000,Bottom=0.000000),TintColor=(SpecifiedColor=(R=1.000000,G=1.000000,B=1.000000,A=1.000000),ColorUseRule=UseColor_Specified),ResourceObject=Texture2D'""/Game/UI/Images/NoPacker/Emojis/1_085.1_085""',ResourceName="""",UVRegion=(Min=(X=0.000000,Y=0.000000),Max=(X=0.000000,Y=0.000000),bIsValid=0),DrawAs=Image,Tiling=NoTile,Mirroring=NoMirror,ImageType=NoImage,bIsDynamicallyLoaded=False"
1_086,"(ImageSize=(X=72,Y=72),Margin=(Left=0.000000,Top=0.000000,Right=0.000000,Bottom=0.000000),TintColor=(SpecifiedColor=(R=1.000000,G=1.000000,B=1.000000,A=1.000000),ColorUseRule=UseColor_Specified),ResourceObject=Texture2D'""/Game/UI/Images/NoPacker/Emojis/1_086.1_086""',ResourceName="""",UVRegion=(Min=(X=0.000000,Y=0.000000),Max=(X=0.000000,Y=0.000000),bIsValid=0),DrawAs=Image,Tiling=NoTile,Mirroring=NoMirror,ImageType=NoImage,bIsDynamicallyLoaded=False"
1_087,"(ImageSize=(X=72,Y=72),Margin=(Left=0.000000,Top=0.000000,Right=0.000000,Bottom=0.000000),TintColor=(SpecifiedColor=(R=1.000000,G=1.000000,B=1.000000,A=1.000000),ColorUseRule=UseColor_Specified),ResourceObject=Texture2D'""/Game/UI/Images/NoPacker/Emojis/1_087.1_087""',ResourceName="""",UVRegion=(Min=(X=0.000000,Y=0.000000),Max=(X=0.000000,Y=0.000000),bIsValid=0),DrawAs=Image,Tiling=NoTile,Mirroring=NoMirror,ImageType=NoImage,bIsDynamicallyLoaded=False"
1_088,"(ImageSize=(X=72,Y=72),Margin=(Left=0.000000,Top=0.000000,Right=0.000000,Bottom=0.000000),TintColor=(SpecifiedColor=(R=1.000000,G=1.000000,B=1.000000,A=1.000000),ColorUseRule=UseColor_Specified),ResourceObject=Texture2D'""/Game/UI/Images/NoPacker/Emojis/1_088.1_088""',ResourceName="""",UVRegion=(Min=(X=0.000000,Y=0.000000),Max=(X=0.000000,Y=0.000000),bIsValid=0),DrawAs=Image,Tiling=NoTile,Mirroring=NoMirror,ImageType=NoImage,bIsDynamicallyLoaded=False"
1_089,"(ImageSize=(X=72,Y=72),Margin=(Left=0.000000,Top=0.000000,Right=0.000000,Bottom=0.000000),TintColor=(SpecifiedColor=(R=1.000000,G=1.000000,B=1.000000,A=1.000000),ColorUseRule=UseColor_Specified),ResourceObject=Texture2D'""/Game/UI/Images/NoPacker/Emojis/1_089.1_089""',ResourceName="""",UVRegion=(Min=(X=0.000000,Y=0.000000),Max=(X=0.000000,Y=0.000000),bIsValid=0),DrawAs=Image,Tiling=NoTile,Mirroring=NoMirror,ImageType=NoImage,bIsDynamicallyLoaded=False"
1_090,"(ImageSize=(X=72,Y=72),Margin=(Left=0.000000,Top=0.000000,Right=0.000000,Bottom=0.000000),TintColor=(SpecifiedColor=(R=1.000000,G=1.000000,B=1.000000,A=1.000000),ColorUseRule=UseColor_Specified),ResourceObject=Texture2D'""/Game/UI/Images/NoPacker/Emojis/1_090.1_090""',ResourceName="""",UVRegion=(Min=(X=0.000000,Y=0.000000),Max=(X=0.000000,Y=0.000000),bIsValid=0),DrawAs=Image,Tiling=NoTile,Mirroring=NoMirror,ImageType=NoImage,bIsDynamicallyLoaded=False"
1_091,"(ImageSize=(X=72,Y=72),Margin=(Left=0.000000,Top=0.000000,Right=0.000000,Bottom=0.000000),TintColor=(SpecifiedColor=(R=1.000000,G=1.000000,B=1.000000,A=1.000000),ColorUseRule=UseColor_Specified),ResourceObject=Texture2D'""/Game/UI/Images/NoPacker/Emojis/1_091.1_091""',ResourceName="""",UVRegion=(Min=(X=0.000000,Y=0.000000),Max=(X=0.000000,Y=0.000000),bIsValid=0),DrawAs=Image,Tiling=NoTile,Mirroring=NoMirror,ImageType=NoImage,bIsDynamicallyLoaded=False"
1_092,"(ImageSize=(X=72,Y=72),Margin=(Left=0.000000,Top=0.000000,Right=0.000000,Bottom=0.000000),TintColor=(SpecifiedColor=(R=1.000000,G=1.000000,B=1.000000,A=1.000000),ColorUseRule=UseColor_Specified),ResourceObject=Texture2D'""/Game/UI/Images/NoPacker/Emojis/1_092.1_092""',ResourceName="""",UVRegion=(Min=(X=0.000000,Y=0.000000),Max=(X=0.000000,Y=0.000000),bIsValid=0),DrawAs=Image,Tiling=NoTile,Mirroring=NoMirror,ImageType=NoImage,bIsDynamicallyLoaded=False"
1_093,"(ImageSize=(X=72,Y=72),Margin=(Left=0.000000,Top=0.000000,Right=0.000000,Bottom=0.000000),TintColor=(SpecifiedColor=(R=1.000000,G=1.000000,B=1.000000,A=1.000000),ColorUseRule=UseColor_Specified),ResourceObject=Texture2D'""/Game/UI/Images/NoPacker/Emojis/1_093.1_093""',ResourceName="""",UVRegion=(Min=(X=0.000000,Y=0.000000),Max=(X=0.000000,Y=0.000000),bIsValid=0),DrawAs=Image,Tiling=NoTile,Mirroring=NoMirror,ImageType=NoImage,bIsDynamicallyLoaded=False"
1_094,"(ImageSize=(X=72,Y=72),Margin=(Left=0.000000,Top=0.000000,Right=0.000000,Bottom=0.000000),TintColor=(SpecifiedColor=(R=1.000000,G=1.000000,B=1.000000,A=1.000000),ColorUseRule=UseColor_Specified),ResourceObject=Texture2D'""/Game/UI/Images/NoPacker/Emojis/1_094.1_094""',ResourceName="""",UVRegion=(Min=(X=0.000000,Y=0.000000),Max=(X=0.000000,Y=0.000000),bIsValid=0),DrawAs=Image,Tiling=NoTile,Mirroring=NoMirror,ImageType=NoImage,bIsDynamicallyLoaded=False"
1_095,"(ImageSize=(X=72,Y=72),Margin=(Left=0.000000,Top=0.000000,Right=0.000000,Bottom=0.000000),TintColor=(SpecifiedColor=(R=1.000000,G=1.000000,B=1.000000,A=1.000000),ColorUseRule=UseColor_Specified),ResourceObject=Texture2D'""/Game/UI/Images/NoPacker/Emojis/1_095.1_095""',ResourceName="""",UVRegion=(Min=(X=0.000000,Y=0.000000),Max=(X=0.000000,Y=0.000000),bIsValid=0),DrawAs=Image,Tiling=NoTile,Mirroring=NoMirror,ImageType=NoImage,bIsDynamicallyLoaded=False"
1_096,"(ImageSize=(X=72,Y=72),Margin=(Left=0.000000,Top=0.000000,Right=0.000000,Bottom=0.000000),TintColor=(SpecifiedColor=(R=1.000000,G=1.000000,B=1.000000,A=1.000000),ColorUseRule=UseColor_Specified),ResourceObject=Texture2D'""/Game/UI/Images/NoPacker/Emojis/1_096.1_096""',ResourceName="""",UVRegion=(Min=(X=0.000000,Y=0.000000),Max=(X=0.000000,Y=0.000000),bIsValid=0),DrawAs=Image,Tiling=NoTile,Mirroring=NoMirror,ImageType=NoImage,bIsDynamicallyLoaded=False"
1_097,"(ImageSize=(X=72,Y=72),Margin=(Left=0.000000,Top=0.000000,Right=0.000000,Bottom=0.000000),TintColor=(SpecifiedColor=(R=1.000000,G=1.000000,B=1.000000,A=1.000000),ColorUseRule=UseColor_Specified),ResourceObject=Texture2D'""/Game/UI/Images/NoPacker/Emojis/1_097.1_097""',ResourceName="""",UVRegion=(Min=(X=0.000000,Y=0.000000),Max=(X=0.000000,Y=0.000000),bIsValid=0),DrawAs=Image,Tiling=NoTile,Mirroring=NoMirror,ImageType=NoImage,bIsDynamicallyLoaded=False"
1_098,"(ImageSize=(X=72,Y=72),Margin=(Left=0.000000,Top=0.000000,Right=0.000000,Bottom=0.000000),TintColor=(SpecifiedColor=(R=1.000000,G=1.000000,B=1.000000,A=1.000000),ColorUseRule=UseColor_Specified),ResourceObject=Texture2D'""/Game/UI/Images/NoPacker/Emojis/1_098.1_098""',ResourceName="""",UVRegion=(Min=(X=0.000000,Y=0.000000),Max=(X=0.000000,Y=0.000000),bIsValid=0),DrawAs=Image,Tiling=NoTile,Mirroring=NoMirror,ImageType=NoImage,bIsDynamicallyLoaded=False"
1_099,"(ImageSize=(X=72,Y=72),Margin=(Left=0.000000,Top=0.000000,Right=0.000000,Bottom=0.000000),TintColor=(SpecifiedColor=(R=1.000000,G=1.000000,B=1.000000,A=1.000000),ColorUseRule=UseColor_Specified),ResourceObject=Texture2D'""/Game/UI/Images/NoPacker/Emojis/1_099.1_099""',ResourceName="""",UVRegion=(Min=(X=0.000000,Y=0.000000),Max=(X=0.000000,Y=0.000000),bIsValid=0),DrawAs=Image,Tiling=NoTile,Mirroring=NoMirror,ImageType=NoImage,bIsDynamicallyLoaded=False"
1_100,"(ImageSize=(X=72,Y=72),Margin=(Left=0.000000,Top=0.000000,Right=0.000000,Bottom=0.000000),TintColor=(SpecifiedColor=(R=1.000000,G=1.000000,B=1.000000,A=1.000000),ColorUseRule=UseColor_Specified),ResourceObject=Texture2D'""/Game/UI/Images/NoPacker/Emojis/1_100.1_100""',ResourceName="""",UVRegion=(Min=(X=0.000000,Y=0.000000),Max=(X=0.000000,Y=0.000000),bIsValid=0),DrawAs=Image,Tiling=NoTile,Mirroring=NoMirror,ImageType=NoImage,bIsDynamicallyLoaded=False"
1_101,"(ImageSize=(X=72,Y=72),Margin=(Left=0.000000,Top=0.000000,Right=0.000000,Bottom=0.000000),TintColor=(SpecifiedColor=(R=1.000000,G=1.000000,B=1.000000,A=1.000000),ColorUseRule=UseColor_Specified),ResourceObject=Texture2D'""/Game/UI/Images/NoPacker/Emojis/1_101.1_101""',ResourceName="""",UVRegion=(Min=(X=0.000000,Y=0.000000),Max=(X=0.000000,Y=0.000000),bIsValid=0),DrawAs=Image,Tiling=NoTile,Mirroring=NoMirror,ImageType=NoImage,bIsDynamicallyLoaded=False"
1_102,"(ImageSize=(X=72,Y=72),Margin=(Left=0.000000,Top=0.000000,Right=0.000000,Bottom=0.000000),TintColor=(SpecifiedColor=(R=1.000000,G=1.000000,B=1.000000,A=1.000000),ColorUseRule=UseColor_Specified),ResourceObject=Texture2D'""/Game/UI/Images/NoPacker/Emojis/1_102.1_102""',ResourceName="""",UVRegion=(Min=(X=0.000000,Y=0.000000),Max=(X=0.000000,Y=0.000000),bIsValid=0),DrawAs=Image,Tiling=NoTile,Mirroring=NoMirror,ImageType=NoImage,bIsDynamicallyLoaded=False"
1_103,"(ImageSize=(X=72,Y=72),Margin=(Left=0.000000,Top=0.000000,Right=0.000000,Bottom=0.000000),TintColor=(SpecifiedColor=(R=1.000000,G=1.000000,B=1.000000,A=1.000000),ColorUseRule=UseColor_Specified),ResourceObject=Texture2D'""/Game/UI/Images/NoPacker/Emojis/1_103.1_103""',ResourceName="""",UVRegion=(Min=(X=0.000000,Y=0.000000),Max=(X=0.000000,Y=0.000000),bIsValid=0),DrawAs=Image,Tiling=NoTile,Mirroring=NoMirror,ImageType=NoImage,bIsDynamicallyLoaded=False"
1_104,"(ImageSize=(X=72,Y=72),Margin=(Left=0.000000,Top=0.000000,Right=0.000000,Bottom=0.000000),TintColor=(SpecifiedColor=(R=1.000000,G=1.000000,B=1.000000,A=1.000000),ColorUseRule=UseColor_Specified),ResourceObject=Texture2D'""/Game/UI/Images/NoPacker/Emojis/1_104.1_104""',ResourceName="""",UVRegion=(Min=(X=0.000000,Y=0.000000),Max=(X=0.000000,Y=0.000000),bIsValid=0),DrawAs=Image,Tiling=NoTile,Mirroring=NoMirror,ImageType=NoImage,bIsDynamicallyLoaded=False"
1_105,"(ImageSize=(X=72,Y=72),Margin=(Left=0.000000,Top=0.000000,Right=0.000000,Bottom=0.000000),TintColor=(SpecifiedColor=(R=1.000000,G=1.000000,B=1.000000,A=1.000000),ColorUseRule=UseColor_Specified),ResourceObject=Texture2D'""/Game/UI/Images/NoPacker/Emojis/1_105.1_105""',ResourceName="""",UVRegion=(Min=(X=0.000000,Y=0.000000),Max=(X=0.000000,Y=0.000000),bIsValid=0),DrawAs=Image,Tiling=NoTile,Mirroring=NoMirror,ImageType=NoImage,bIsDynamicallyLoaded=False"
1_106,"(ImageSize=(X=72,Y=72),Margin=(Left=0.000000,Top=0.000000,Right=0.000000,Bottom=0.000000),TintColor=(SpecifiedColor=(R=1.000000,G=1.000000,B=1.000000,A=1.000000),ColorUseRule=UseColor_Specified),ResourceObject=Texture2D'""/Game/UI/Images/NoPacker/Emojis/1_106.1_106""',ResourceName="""",UVRegion=(Min=(X=0.000000,Y=0.000000),Max=(X=0.000000,Y=0.000000),bIsValid=0),DrawAs=Image,Tiling=NoTile,Mirroring=NoMirror,ImageType=NoImage,bIsDynamicallyLoaded=False"
1_107,"(ImageSize=(X=72,Y=72),Margin=(Left=0.000000,Top=0.000000,Right=0.000000,Bottom=0.000000),TintColor=(SpecifiedColor=(R=1.000000,G=1.000000,B=1.000000,A=1.000000),ColorUseRule=UseColor_Specified),ResourceObject=Texture2D'""/Game/UI/Images/NoPacker/Emojis/1_107.1_107""',ResourceName="""",UVRegion=(Min=(X=0.000000,Y=0.000000),Max=(X=0.000000,Y=0.000000),bIsValid=0),DrawAs=Image,Tiling=NoTile,Mirroring=NoMirror,ImageType=NoImage,bIsDynamicallyLoaded=False"
1_108,"(ImageSize=(X=72,Y=72),Margin=(Left=0.000000,Top=0.000000,Right=0.000000,Bottom=0.000000),TintColor=(SpecifiedColor=(R=1.000000,G=1.000000,B=1.000000,A=1.000000),ColorUseRule=UseColor_Specified),ResourceObject=Texture2D'""/Game/UI/Images/NoPacker/Emojis/1_108.1_108""',ResourceName="""",UVRegion=(Min=(X=0.000000,Y=0.000000),Max=(X=0.000000,Y=0.000000),bIsValid=0),DrawAs=Image,Tiling=NoTile,Mirroring=NoMirror,ImageType=NoImage,bIsDynamicallyLoaded=False"
1_109,"(ImageSize=(X=72,Y=72),Margin=(Left=0.000000,Top=0.000000,Right=0.000000,Bottom=0.000000),TintColor=(SpecifiedColor=(R=1.000000,G=1.000000,B=1.000000,A=1.000000),ColorUseRule=UseColor_Specified),ResourceObject=Texture2D'""/Game/UI/Images/NoPacker/Emojis/1_109.1_109""',ResourceName="""",UVRegion=(Min=(X=0.000000,Y=0.000000),Max=(X=0.000000,Y=0.000000),bIsValid=0),DrawAs=Image,Tiling=NoTile,Mirroring=NoMirror,ImageType=NoImage,bIsDynamicallyLoaded=False"
1_110,"(ImageSize=(X=72,Y=72),Margin=(Left=0.000000,Top=0.000000,Right=0.000000,Bottom=0.000000),TintColor=(SpecifiedColor=(R=1.000000,G=1.000000,B=1.000000,A=1.000000),ColorUseRule=UseColor_Specified),ResourceObject=Texture2D'""/Game/UI/Images/NoPacker/Emojis/1_110.1_110""',ResourceName="""",UVRegion=(Min=(X=0.000000,Y=0.000000),Max=(X=0.000000,Y=0.000000),bIsValid=0),DrawAs=Image,Tiling=NoTile,Mirroring=NoMirror,ImageType=NoImage,bIsDynamicallyLoaded=False"
1_111,"(ImageSize=(X=72,Y=72),Margin=(Left=0.000000,Top=0.000000,Right=0.000000,Bottom=0.000000),TintColor=(SpecifiedColor=(R=1.000000,G=1.000000,B=1.000000,A=1.000000),ColorUseRule=UseColor_Specified),ResourceObject=Texture2D'""/Game/UI/Images/NoPacker/Emojis/1_111.1_111""',ResourceName="""",UVRegion=(Min=(X=0.000000,Y=0.000000),Max=(X=0.000000,Y=0.000000),bIsValid=0),DrawAs=Image,Tiling=NoTile,Mirroring=NoMirror,ImageType=NoImage,bIsDynamicallyLoaded=False"
1_112,"(ImageSize=(X=72,Y=72),Margin=(Left=0.000000,Top=0.000000,Right=0.000000,Bottom=0.000000),TintColor=(SpecifiedColor=(R=1.000000,G=1.000000,B=1.000000,A=1.000000),ColorUseRule=UseColor_Specified),ResourceObject=Texture2D'""/Game/UI/Images/NoPacker/Emojis/1_112.1_112""',ResourceName="""",UVRegion=(Min=(X=0.000000,Y=0.000000),Max=(X=0.000000,Y=0.000000),bIsValid=0),DrawAs=Image,Tiling=NoTile,Mirroring=NoMirror,ImageType=NoImage,bIsDynamicallyLoaded=False"
1_113,"(ImageSize=(X=72,Y=72),Margin=(Left=0.000000,Top=0.000000,Right=0.000000,Bottom=0.000000),TintColor=(SpecifiedColor=(R=1.000000,G=1.000000,B=1.000000,A=1.000000),ColorUseRule=UseColor_Specified),ResourceObject=Texture2D'""/Game/UI/Images/NoPacker/Emojis/1_113.1_113""',ResourceName="""",UVRegion=(Min=(X=0.000000,Y=0.000000),Max=(X=0.000000,Y=0.000000),bIsValid=0),DrawAs=Image,Tiling=NoTile,Mirroring=NoMirror,ImageType=NoImage,bIsDynamicallyLoaded=False"
1_114,"(ImageSize=(X=72,Y=72),Margin=(Left=0.000000,Top=0.000000,Right=0.000000,Bottom=0.000000),TintColor=(SpecifiedColor=(R=1.000000,G=1.000000,B=1.000000,A=1.000000),ColorUseRule=UseColor_Specified),ResourceObject=Texture2D'""/Game/UI/Images/NoPacker/Emojis/1_114.1_114""',ResourceName="""",UVRegion=(Min=(X=0.000000,Y=0.000000),Max=(X=0.000000,Y=0.000000),bIsValid=0),DrawAs=Image,Tiling=NoTile,Mirroring=NoMirror,ImageType=NoImage,bIsDynamicallyLoaded=False"
1_115,"(ImageSize=(X=72,Y=72),Margin=(Left=0.000000,Top=0.000000,Right=0.000000,Bottom=0.000000),TintColor=(SpecifiedColor=(R=1.000000,G=1.000000,B=1.000000,A=1.000000),ColorUseRule=UseColor_Specified),ResourceObject=Texture2D'""/Game/UI/Images/NoPacker/Emojis/1_115.1_115""',ResourceName="""",UVRegion=(Min=(X=0.000000,Y=0.000000),Max=(X=0.000000,Y=0.000000),bIsValid=0),DrawAs=Image,Tiling=NoTile,Mirroring=NoMirror,ImageType=NoImage,bIsDynamicallyLoaded=False"
1_116,"(ImageSize=(X=72,Y=72),Margin=(Left=0.000000,Top=0.000000,Right=0.000000,Bottom=0.000000),TintColor=(SpecifiedColor=(R=1.000000,G=1.000000,B=1.000000,A=1.000000),ColorUseRule=UseColor_Specified),ResourceObject=Texture2D'""/Game/UI/Images/NoPacker/Emojis/1_116.1_116""',ResourceName="""",UVRegion=(Min=(X=0.000000,Y=0.000000),Max=(X=0.000000,Y=0.000000),bIsValid=0),DrawAs=Image,Tiling=NoTile,Mirroring=NoMirror,ImageType=NoImage,bIsDynamicallyLoaded=False"
1_117,"(ImageSize=(X=72,Y=72),Margin=(Left=0.000000,Top=0.000000,Right=0.000000,Bottom=0.000000),TintColor=(SpecifiedColor=(R=1.000000,G=1.000000,B=1.000000,A=1.000000),ColorUseRule=UseColor_Specified),ResourceObject=Texture2D'""/Game/UI/Images/NoPacker/Emojis/1_117.1_117""',ResourceName="""",UVRegion=(Min=(X=0.000000,Y=0.000000),Max=(X=0.000000,Y=0.000000),bIsValid=0),DrawAs=Image,Tiling=NoTile,Mirroring=NoMirror,ImageType=NoImage,bIsDynamicallyLoaded=False"
1_118,"(ImageSize=(X=72,Y=72),Margin=(Left=0.000000,Top=0.000000,Right=0.000000,Bottom=0.000000),TintColor=(SpecifiedColor=(R=1.000000,G=1.000000,B=1.000000,A=1.000000),ColorUseRule=UseColor_Specified),ResourceObject=Texture2D'""/Game/UI/Images/NoPacker/Emojis/1_118.1_118""',ResourceName="""",UVRegion=(Min=(X=0.000000,Y=0.000000),Max=(X=0.000000,Y=0.000000),bIsValid=0),DrawAs=Image,Tiling=NoTile,Mirroring=NoMirror,ImageType=NoImage,bIsDynamicallyLoaded=False"
1_119,"(ImageSize=(X=72,Y=72),Margin=(Left=0.000000,Top=0.000000,Right=0.000000,Bottom=0.000000),TintColor=(SpecifiedColor=(R=1.000000,G=1.000000,B=1.000000,A=1.000000),ColorUseRule=UseColor_Specified),ResourceObject=Texture2D'""/Game/UI/Images/NoPacker/Emojis/1_119.1_119""',ResourceName="""",UVRegion=(Min=(X=0.000000,Y=0.000000),Max=(X=0.000000,Y=0.000000),bIsValid=0),DrawAs=Image,Tiling=NoTile,Mirroring=NoMirror,ImageType=NoImage,bIsDynamicallyLoaded=False"
1_120,"(ImageSize=(X=72,Y=72),Margin=(Left=0.000000,Top=0.000000,Right=0.000000,Bottom=0.000000),TintColor=(SpecifiedColor=(R=1.000000,G=1.000000,B=1.000000,A=1.000000),ColorUseRule=UseColor_Specified),ResourceObject=Texture2D'""/Game/UI/Images/NoPacker/Emojis/1_120.1_120""',ResourceName="""",UVRegion=(Min=(X=0.000000,Y=0.000000),Max=(X=0.000000,Y=0.000000),bIsValid=0),DrawAs=Image,Tiling=NoTile,Mirroring=NoMirror,ImageType=NoImage,bIsDynamicallyLoaded=False"
1_121,"(ImageSize=(X=72,Y=72),Margin=(Left=0.000000,Top=0.000000,Right=0.000000,Bottom=0.000000),TintColor=(SpecifiedColor=(R=1.000000,G=1.000000,B=1.000000,A=1.000000),ColorUseRule=UseColor_Specified),ResourceObject=Texture2D'""/Game/UI/Images/NoPacker/Emojis/1_121.1_121""',ResourceName="""",UVRegion=(Min=(X=0.000000,Y=0.000000),Max=(X=0.000000,Y=0.000000),bIsValid=0),DrawAs=Image,Tiling=NoTile,Mirroring=NoMirror,ImageType=NoImage,bIsDynamicallyLoaded=False"
1_122,"(ImageSize=(X=72,Y=72),Margin=(Left=0.000000,Top=0.000000,Right=0.000000,Bottom=0.000000),TintColor=(SpecifiedColor=(R=1.000000,G=1.000000,B=1.000000,A=1.000000),ColorUseRule=UseColor_Specified),ResourceObject=Texture2D'""/Game/UI/Images/NoPacker/Emojis/1_122.1_122""',ResourceName="""",UVRegion=(Min=(X=0.000000,Y=0.000000),Max=(X=0.000000,Y=0.000000),bIsValid=0),DrawAs=Image,Tiling=NoTile,Mirroring=NoMirror,ImageType=NoImage,bIsDynamicallyLoaded=False"
1_123,"(ImageSize=(X=72,Y=72),Margin=(Left=0.000000,Top=0.000000,Right=0.000000,Bottom=0.000000),TintColor=(SpecifiedColor=(R=1.000000,G=1.000000,B=1.000000,A=1.000000),ColorUseRule=UseColor_Specified),ResourceObject=Texture2D'""/Game/UI/Images/NoPacker/Emojis/1_123.1_123""',ResourceName="""",UVRegion=(Min=(X=0.000000,Y=0.000000),Max=(X=0.000000,Y=0.000000),bIsValid=0),DrawAs=Image,Tiling=NoTile,Mirroring=NoMirror,ImageType=NoImage,bIsDynamicallyLoaded=False"
1_124,"(ImageSize=(X=72,Y=72),Margin=(Left=0.000000,Top=0.000000,Right=0.000000,Bottom=0.000000),TintColor=(SpecifiedColor=(R=1.000000,G=1.000000,B=1.000000,A=1.000000),ColorUseRule=UseColor_Specified),ResourceObject=Texture2D'""/Game/UI/Images/NoPacker/Emojis/1_124.1_124""',ResourceName="""",UVRegion=(Min=(X=0.000000,Y=0.000000),Max=(X=0.000000,Y=0.000000),bIsValid=0),DrawAs=Image,Tiling=NoTile,Mirroring=NoMirror,ImageType=NoImage,bIsDynamicallyLoaded=False"
1_125,"(ImageSize=(X=72,Y=72),Margin=(Left=0.000000,Top=0.000000,Right=0.000000,Bottom=0.000000),TintColor=(SpecifiedColor=(R=1.000000,G=1.000000,B=1.000000,A=1.000000),ColorUseRule=UseColor_Specified),ResourceObject=Texture2D'""/Game/UI/Images/NoPacker/Emojis/1_125.1_125""',ResourceName="""",UVRegion=(Min=(X=0.000000,Y=0.000000),Max=(X=0.000000,Y=0.000000),bIsValid=0),DrawAs=Image,Tiling=NoTile,Mirroring=NoMirror,ImageType=NoImage,bIsDynamicallyLoaded=False"
1_126,"(ImageSize=(X=72,Y=72),Margin=(Left=0.000000,Top=0.000000,Right=0.000000,Bottom=0.000000),TintColor=(SpecifiedColor=(R=1.000000,G=1.000000,B=1.000000,A=1.000000),ColorUseRule=UseColor_Specified),ResourceObject=Texture2D'""/Game/UI/Images/NoPacker/Emojis/1_126.1_126""',ResourceName="""",UVRegion=(Min=(X=0.000000,Y=0.000000),Max=(X=0.000000,Y=0.000000),bIsValid=0),DrawAs=Image,Tiling=NoTile,Mirroring=NoMirror,ImageType=NoImage,bIsDynamicallyLoaded=False"
1_127,"(ImageSize=(X=72,Y=72),Margin=(Left=0.000000,Top=0.000000,Right=0.000000,Bottom=0.000000),TintColor=(SpecifiedColor=(R=1.000000,G=1.000000,B=1.000000,A=1.000000),ColorUseRule=UseColor_Specified),ResourceObject=Texture2D'""/Game/UI/Images/NoPacker/Emojis/1_127.1_127""',ResourceName="""",UVRegion=(Min=(X=0.000000,Y=0.000000),Max=(X=0.000000,Y=0.000000),bIsValid=0),DrawAs=Image,Tiling=NoTile,Mirroring=NoMirror,ImageType=NoImage,bIsDynamicallyLoaded=False"
1_128,"(ImageSize=(X=72,Y=72),Margin=(Left=0.000000,Top=0.000000,Right=0.000000,Bottom=0.000000),TintColor=(SpecifiedColor=(R=1.000000,G=1.000000,B=1.000000,A=1.000000),ColorUseRule=UseColor_Specified),ResourceObject=Texture2D'""/Game/UI/Images/NoPacker/Emojis/1_128.1_128""',ResourceName="""",UVRegion=(Min=(X=0.000000,Y=0.000000),Max=(X=0.000000,Y=0.000000),bIsValid=0),DrawAs=Image,Tiling=NoTile,Mirroring=NoMirror,ImageType=NoImage,bIsDynamicallyLoaded=False"
1_129,"(ImageSize=(X=72,Y=72),Margin=(Left=0.000000,Top=0.000000,Right=0.000000,Bottom=0.000000),TintColor=(SpecifiedColor=(R=1.000000,G=1.000000,B=1.000000,A=1.000000),ColorUseRule=UseColor_Specified),ResourceObject=Texture2D'""/Game/UI/Images/NoPacker/Emojis/1_129.1_129""',ResourceName="""",UVRegion=(Min=(X=0.000000,Y=0.000000),Max=(X=0.000000,Y=0.000000),bIsValid=0),DrawAs=Image,Tiling=NoTile,Mirroring=NoMirror,ImageType=NoImage,bIsDynamicallyLoaded=False"
1_130,"(ImageSize=(X=72,Y=72),Margin=(Left=0.000000,Top=0.000000,Right=0.000000,Bottom=0.000000),TintColor=(SpecifiedColor=(R=1.000000,G=1.000000,B=1.000000,A=1.000000),ColorUseRule=UseColor_Specified),ResourceObject=Texture2D'""/Game/UI/Images/NoPacker/Emojis/1_130.1_130""',ResourceName="""",UVRegion=(Min=(X=0.000000,Y=0.000000),Max=(X=0.000000,Y=0.000000),bIsValid=0),DrawAs=Image,Tiling=NoTile,Mirroring=NoMirror,ImageType=NoImage,bIsDynamicallyLoaded=False"
1_131,"(ImageSize=(X=72,Y=72),Margin=(Left=0.000000,Top=0.000000,Right=0.000000,Bottom=0.000000),TintColor=(SpecifiedColor=(R=1.000000,G=1.000000,B=1.000000,A=1.000000),ColorUseRule=UseColor_Specified),ResourceObject=Texture2D'""/Game/UI/Images/NoPacker/Emojis/1_131.1_131""',ResourceName="""",UVRegion=(Min=(X=0.000000,Y=0.000000),Max=(X=0.000000,Y=0.000000),bIsValid=0),DrawAs=Image,Tiling=NoTile,Mirroring=NoMirror,ImageType=NoImage,bIsDynamicallyLoaded=False"
1_132,"(ImageSize=(X=72,Y=72),Margin=(Left=0.000000,Top=0.000000,Right=0.000000,Bottom=0.000000),TintColor=(SpecifiedColor=(R=1.000000,G=1.000000,B=1.000000,A=1.000000),ColorUseRule=UseColor_Specified),ResourceObject=Texture2D'""/Game/UI/Images/NoPacker/Emojis/1_132.1_132""',ResourceName="""",UVRegion=(Min=(X=0.000000,Y=0.000000),Max=(X=0.000000,Y=0.000000),bIsValid=0),DrawAs=Image,Tiling=NoTile,Mirroring=NoMirror,ImageType=NoImage,bIsDynamicallyLoaded=False"
1_133,"(ImageSize=(X=72,Y=72),Margin=(Left=0.000000,Top=0.000000,Right=0.000000,Bottom=0.000000),TintColor=(SpecifiedColor=(R=1.000000,G=1.000000,B=1.000000,A=1.000000),ColorUseRule=UseColor_Specified),ResourceObject=Texture2D'""/Game/UI/Images/NoPacker/Emojis/1_133.1_133""',ResourceName="""",UVRegion=(Min=(X=0.000000,Y=0.000000),Max=(X=0.000000,Y=0.000000),bIsValid=0),DrawAs=Image,Tiling=NoTile,Mirroring=NoMirror,ImageType=NoImage,bIsDynamicallyLoaded=False"
1_134,"(ImageSize=(X=72,Y=72),Margin=(Left=0.000000,Top=0.000000,Right=0.000000,Bottom=0.000000),TintColor=(SpecifiedColor=(R=1.000000,G=1.000000,B=1.000000,A=1.000000),ColorUseRule=UseColor_Specified),ResourceObject=Texture2D'""/Game/UI/Images/NoPacker/Emojis/1_134.1_134""',ResourceName="""",UVRegion=(Min=(X=0.000000,Y=0.000000),Max=(X=0.000000,Y=0.000000),bIsValid=0),DrawAs=Image,Tiling=NoTile,Mirroring=NoMirror,ImageType=NoImage,bIsDynamicallyLoaded=False"
1_135,"(ImageSize=(X=72,Y=72),Margin=(Left=0.000000,Top=0.000000,Right=0.000000,Bottom=0.000000),TintColor=(SpecifiedColor=(R=1.000000,G=1.000000,B=1.000000,A=1.000000),ColorUseRule=UseColor_Specified),ResourceObject=Texture2D'""/Game/UI/Images/NoPacker/Emojis/1_135.1_135""',ResourceName="""",UVRegion=(Min=(X=0.000000,Y=0.000000),Max=(X=0.000000,Y=0.000000),bIsValid=0),DrawAs=Image,Tiling=NoTile,Mirroring=NoMirror,ImageType=NoImage,bIsDynamicallyLoaded=False"
1_136,"(ImageSize=(X=72,Y=72),Margin=(Left=0.000000,Top=0.000000,Right=0.000000,Bottom=0.000000),TintColor=(SpecifiedColor=(R=1.000000,G=1.000000,B=1.000000,A=1.000000),ColorUseRule=UseColor_Specified),ResourceObject=Texture2D'""/Game/UI/Images/NoPacker/Emojis/1_136.1_136""',ResourceName="""",UVRegion=(Min=(X=0.000000,Y=0.000000),Max=(X=0.000000,Y=0.000000),bIsValid=0),DrawAs=Image,Tiling=NoTile,Mirroring=NoMirror,ImageType=NoImage,bIsDynamicallyLoaded=False"
1_137,"(ImageSize=(X=72,Y=72),Margin=(Left=0.000000,Top=0.000000,Right=0.000000,Bottom=0.000000),TintColor=(SpecifiedColor=(R=1.000000,G=1.000000,B=1.000000,A=1.000000),ColorUseRule=UseColor_Specified),ResourceObject=Texture2D'""/Game/UI/Images/NoPacker/Emojis/1_137.1_137""',ResourceName="""",UVRegion=(Min=(X=0.000000,Y=0.000000),Max=(X=0.000000,Y=0.000000),bIsValid=0),DrawAs=Image,Tiling=NoTile,Mirroring=NoMirror,ImageType=NoImage,bIsDynamicallyLoaded=False"
1_138,"(ImageSize=(X=72,Y=72),Margin=(Left=0.000000,Top=0.000000,Right=0.000000,Bottom=0.000000),TintColor=(SpecifiedColor=(R=1.000000,G=1.000000,B=1.000000,A=1.000000),ColorUseRule=UseColor_Specified),ResourceObject=Texture2D'""/Game/UI/Images/NoPacker/Emojis/1_138.1_138""',ResourceName="""",UVRegion=(Min=(X=0.000000,Y=0.000000),Max=(X=0.000000,Y=0.000000),bIsValid=0),DrawAs=Image,Tiling=NoTile,Mirroring=NoMirror,ImageType=NoImage,bIsDynamicallyLoaded=False"
1_139,"(ImageSize=(X=72,Y=72),Margin=(Left=0.000000,Top=0.000000,Right=0.000000,Bottom=0.000000),TintColor=(SpecifiedColor=(R=1.000000,G=1.000000,B=1.000000,A=1.000000),ColorUseRule=UseColor_Specified),ResourceObject=Texture2D'""/Game/UI/Images/NoPacker/Emojis/1_139.1_139""',ResourceName="""",UVRegion=(Min=(X=0.000000,Y=0.000000),Max=(X=0.000000,Y=0.000000),bIsValid=0),DrawAs=Image,Tiling=NoTile,Mirroring=NoMirror,ImageType=NoImage,bIsDynamicallyLoaded=False"
1_140,"(ImageSize=(X=72,Y=72),Margin=(Left=0.000000,Top=0.000000,Right=0.000000,Bottom=0.000000),TintColor=(SpecifiedColor=(R=1.000000,G=1.000000,B=1.000000,A=1.000000),ColorUseRule=UseColor_Specified),ResourceObject=Texture2D'""/Game/UI/Images/NoPacker/Emojis/1_140.1_140""',ResourceName="""",UVRegion=(Min=(X=0.000000,Y=0.000000),Max=(X=0.000000,Y=0.000000),bIsValid=0),DrawAs=Image,Tiling=NoTile,Mirroring=NoMirror,ImageType=NoImage,bIsDynamicallyLoaded=False"
1_141,"(ImageSize=(X=72,Y=72),Margin=(Left=0.000000,Top=0.000000,Right=0.000000,Bottom=0.000000),TintColor=(SpecifiedColor=(R=1.000000,G=1.000000,B=1.000000,A=1.000000),ColorUseRule=UseColor_Specified),ResourceObject=Texture2D'""/Game/UI/Images/NoPacker/Emojis/1_141.1_141""',ResourceName="""",UVRegion=(Min=(X=0.000000,Y=0.000000),Max=(X=0.000000,Y=0.000000),bIsValid=0),DrawAs=Image,Tiling=NoTile,Mirroring=NoMirror,ImageType=NoImage,bIsDynamicallyLoaded=False"
1_142,"(ImageSize=(X=72,Y=72),Margin=(Left=0.000000,Top=0.000000,Right=0.000000,Bottom=0.000000),TintColor=(SpecifiedColor=(R=1.000000,G=1.000000,B=1.000000,A=1.000000),ColorUseRule=UseColor_Specified),ResourceObject=Texture2D'""/Game/UI/Images/NoPacker/Emojis/1_142.1_142""',ResourceName="""",UVRegion=(Min=(X=0.000000,Y=0.000000),Max=(X=0.000000,Y=0.000000),bIsValid=0),DrawAs=Image,Tiling=NoTile,Mirroring=NoMirror,ImageType=NoImage,bIsDynamicallyLoaded=False"
1_143,"(ImageSize=(X=72,Y=72),Margin=(Left=0.000000,Top=0.000000,Right=0.000000,Bottom=0.000000),TintColor=(SpecifiedColor=(R=1.000000,G=1.000000,B=1.000000,A=1.000000),ColorUseRule=UseColor_Specified),ResourceObject=Texture2D'""/Game/UI/Images/NoPacker/Emojis/1_143.1_143""',ResourceName="""",UVRegion=(Min=(X=0.000000,Y=0.000000),Max=(X=0.000000,Y=0.000000),bIsValid=0),DrawAs=Image,Tiling=NoTile,Mirroring=NoMirror,ImageType=NoImage,bIsDynamicallyLoaded=False"
1_144,"(ImageSize=(X=72,Y=72),Margin=(Left=0.000000,Top=0.000000,Right=0.000000,Bottom=0.000000),TintColor=(SpecifiedColor=(R=1.000000,G=1.000000,B=1.000000,A=1.000000),ColorUseRule=UseColor_Specified),ResourceObject=Texture2D'""/Game/UI/Images/NoPacker/Emojis/1_144.1_144""',ResourceName="""",UVRegion=(Min=(X=0.000000,Y=0.000000),Max=(X=0.000000,Y=0.000000),bIsValid=0),DrawAs=Image,Tiling=NoTile,Mirroring=NoMirror,ImageType=NoImage,bIsDynamicallyLoaded=False"
